Name	AS seq. 5'-3'	Target_Start	Target_End	Target seq. 5'-3'	Mismatch type	1mis	2mis	3mis
R8185001	UGCUCCUCCAGCUUGUUCCCC	87	107	TAGCAGGGAGCTGGAGGCCAG	>3mis			
R8185001	UGCUCCUCCAGCUUGUUCCCC	982	1002	TTCGGACAAGCTGGTCTTCCC	>3mis			
R8185001	UGCUCCUCCAGCUUGUUCCCC	444	464	TCCTGGAGAGGTGGAGGAGGG	>3mis			
R8185001	UGCUCCUCCAGCUUGUUCCCC	625	645	GGGCAACAATTTCAAGGAGCA	>3mis			
R8185001	UGCUCCUCCAGCUUGUUCCCC	124	144	GAAGAGGACCCAGGAGGAGAT	>3mis			
R8185001	UGCUCCUCCAGCUUGUUCCCC	736	756	GCAGCCCACCGAGGAGGAGGA	>3mis			
R8185001	UGCUCCUCCAGCUUGUUCCCC	739	759	GCCCACCGAGGAGGAGGAGGC	>3mis			
R8185001	UGCUCCUCCAGCUUGUUCCCC	1057	1077	TCTGGAAGAGCTGGACCGCAT	>3mis			
R8185001	UGCUCCUCCAGCUUGUUCCCC	2071	2091	CAACTACAAGCTCTCTGCTGG	>3mis			
R8185001	UGCUCCUCCAGCUUGUUCCCC	3049	3069	GGGGAACCCCACCCAAAAGCC	>3mis			
R8185002	AAGAGCUCUCGGUAGGAGCGG	775	795	CCGCTCCTACCGGGAGCTCTT	AS,9	9_U_787_G		
R8185002	AAGAGCUCUCGGUAGGAGCGG	1962	1982	ACTACCTAAAGCAGAGCTCCT	>3mis			
R8185002	AAGAGCUCUCGGUAGGAGCGG	3064	3084	AAAGCCCCCTTGTTAGCTCTT	>3mis			
R8185003	AAGAACUCGAAGAGCUCUCGG	784	804	CCGGGAGCTCTTCCAGTTCTT	AS,18,8	18_U_787_G	8_C_797_C	
R8185003	AAGAACUCGAAGAGCUCUCGG	754	774	GGAGGCACTGATCGAGTTCCA	>3mis			
R8185003	AAGAACUCGAAGAGCUCUCGG	2122	2142	GGATTGGATCTTCGAGATGCT	>3mis			
R8185003	AAGAACUCGAAGAGCUCUCGG	1939	1959	GCCCAAGGGTGTAGAGTTCTG	>3mis			
R8185003	AAGAACUCGAAGAGCUCUCGG	1971	1991	AGCAGAGCTCCTGGGGCTACT	>3mis			
R8185003	AAGAACUCGAAGAGCUCUCGG	2335	2355	GGAGCTCATCTTCGACCTCCT	>3mis			
R8185003	AAGAACUCGAAGAGCUCUCGG	2604	2624	TGCCTGGCTCTTCTGCCTGTG	>3mis			
R8185003	AAGAACUCGAAGAGCUCUCGG	3073	3093	TTGTTAGCTCTTTGGCAATTC	>3mis			
R8185004	AUUGCCAGUACAUCAUGCCAA	903	923	TCGGCATGATGTACTGGCAGT	AS,20,2	20_A_904_C	2_U_922_G	
R8185004	AUUGCCAGUACAUCAUGCCAA	2388	2408	TCCGGAGCCGGTACTGGTCTC	>3mis			
R8185004	AUUGCCAGUACAUCAUGCCAA	3071	3091	CCTTGTTAGCTCTTTGGCAAT	>3mis			
R8185005	AAUUGCCAGUACAUCAUGCCA	904	924	CGGCATGATGTACTGGCAGTT	AS,21,3	21_A_904_C	3_U_922_G	
R8185005	AAUUGCCAGUACAUCAUGCCA	3072	3092	CTTGTTAGCTCTTTGGCAATT	>3mis			
R8185005	AAUUGCCAGUACAUCAUGCCA	2389	2409	CCGGAGCCGGTACTGGTCTCC	>3mis			
R8185006	CGAAAAGCAGGCCGAAUUGCC	1690	1710	TCAGGATGAGCCTGCTTTTAT	>3mis			
R8185006	CGAAAAGCAGGCCGAAUUGCC	977	997	CTCAATTCGGACAAGCTGGTC	>3mis			
R8185006	CGAAAAGCAGGCCGAAUUGCC	3086	3106	GGCAATTCTCCTTCCCTCACT	>3mis			
R8185006	CGAAAAGCAGGCCGAAUUGCC	302	322	AGACAGGGTGCCTGCTGTGGA	>3mis			
R8185006	CGAAAAGCAGGCCGAAUUGCC	1417	1437	CGACACCTCGCCTGCTCTAGA	>3mis			
R8185006	CGAAAAGCAGGCCGAAUUGCC	1871	1891	TGCATTCACTCCTGCTTCCAG	>3mis			
R8185006	CGAAAAGCAGGCCGAAUUGCC	2228	2248	ACTAATTCGGAGTCTCCCTCT	>3mis			
R8185006	CGAAAAGCAGGCCGAAUUGCC	2801	2821	CTGCCCTGCCCCTGCTTCTGA	>3mis			
R8185006	CGAAAAGCAGGCCGAAUUGCC	2814	2834	GCTTCTGAACACTGCTTTCCA	>3mis			
R8185006	CGAAAAGCAGGCCGAAUUGCC	2992	3012	GCCTGGCCTCACTGCTTTCAA	>3mis			
R8185006	CGAAAAGCAGGCCGAAUUGCC	3257	3277	CAAAGGCACCTTTGCTTTTGT	>3mis			
R8185007	UGAAGUACUCUCCGAAAAGCA	930	950	TGCTGTTCGAGGAATACTTCA	>3mis			
R8185007	UGAAGUACUCUCCGAAAAGCA	240	260	TGAAAGCCGGAGAGTCAAACA	>3mis			
R8185007	UGAAGUACUCUCCGAAAAGCA	1702	1722	TGCTTTTATGGATGATGGTGG	>3mis			
R8185007	UGAAGUACUCUCCGAAAAGCA	2228	2248	ACTAATTCGGAGTCTCCCTCT	>3mis			
R8185007	UGAAGUACUCUCCGAAAAGCA	2641	2661	CTGAGAGAGGAGAGTGCTCCT	>3mis			
R8185007	UGAAGUACUCUCCGAAAAGCA	3269	3289	TGCTTTTGTGAACTCGTTCAC	>3mis			
R8185008	UUGAUGUUGAGGCUGACGGGG	955	975	CCCCGTGAGTCTCAACATCAA	AS,15,12	15_G_961_G	12_G_964_T	
R8185008	UUGAUGUUGAGGCUGACGGGG	2185	2205	AGTTGCTAAACTCAACATCTT	>3mis			
R8185008	UUGAUGUUGAGGCUGACGGGG	2254	2274	GATGGTCAGCCTCCTGTCCAA	>3mis			
R8185008	UUGAUGUUGAGGCUGACGGGG	1378	1398	GTACCGCTTCCATTACATCAA	>3mis			
R8185008	UUGAUGUUGAGGCUGACGGGG	1384	1404	CTTCCATTACATCAACATTCT	>3mis			
R8185008	UUGAUGUUGAGGCUGACGGGG	1774	1794	CCTGGACAGCCTCGGAGGCAA	>3mis			
R8185008	UUGAUGUUGAGGCUGACGGGG	3231	3251	TTTCTTCAGCCTAGAAACTCC	>3mis			
R8185009	UUGAGGUUGAUGUUGAGGCUG	961	981	GAGTCTCAACATCAACCTCAA	AS,21,18	21_G_961_G	18_G_964_T	
R8185009	UUGAGGUUGAUGUUGAGGCUG	2191	2211	TAAACTCAACATCTTCTTCAA	>3mis			
R8185009	UUGAGGUUGAUGUUGAGGCUG	1384	1404	CTTCCATTACATCAACATTCT	>3mis			
R8185009	UUGAGGUUGAUGUUGAGGCUG	562	582	AGCCCCTGAGCTCAACCTTGA	>3mis			
R8185009	UUGAGGUUGAUGUUGAGGCUG	1390	1410	TTACATCAACATTCTGTCCAG	>3mis			
R8185009	UUGAGGUUGAUGUUGAGGCUG	1780	1800	CAGCCTCGGAGGCAACTACGG	>3mis			
R8185009	UUGAGGUUGAUGUUGAGGCUG	2260	2280	CAGCCTCCTGTCCAACCTGGG	>3mis			
R8185010	AGUUGAGGUUGAUGUUGAGGC	963	983	GTCTCAACATCAACCTCAATT	AS,20,2	20_G_964_T	2_G_982_T	
R8185010	AGUUGAGGUUGAUGUUGAGGC	2193	2213	AACTCAACATCTTCTTCAAAG	>3mis			
R8185010	AGUUGAGGUUGAUGUUGAGGC	1386	1406	TCCATTACATCAACATTCTGT	>3mis			
R8185010	AGUUGAGGUUGAUGUUGAGGC	564	584	CCCCTGAGCTCAACCTTGACC	>3mis			
R8185010	AGUUGAGGUUGAUGUUGAGGC	1392	1412	ACATCAACATTCTGTCCAGAC	>3mis			
R8185011	UACCUGUAGGGAUUGAGGGUG	720	740	AACCCTCAGAGCCCCGGCAGC	>3mis			
R8185011	UACCUGUAGGGAUUGAGGGUG	973	993	CAACCTCAATTCGGACAAGCT	>3mis			
R8185011	UACCUGUAGGGAUUGAGGGUG	1210	1230	TCCGCCCAATCCCGCCCGCTC	>3mis			
R8185011	UACCUGUAGGGAUUGAGGGUG	1258	1278	CGACAACAATCCCCAAGTGGA	>3mis			
R8185011	UACCUGUAGGGAUUGAGGGUG	2475	2495	TCTGTCCCCACCCTACATCCC	>3mis			
R8185012	AGCUCCUCUUUAAUUUCCGGG	1039	1059	CACTGAAATTAAAGAGGATCT	AS,20,18,3	20_G_1040_A	18_C_1042_T	3_C_1057_T
R8185012	AGCUCCUCUUUAAUUUCCGGG	114	134	AGAGCCTAGAGAAGAGGACCC	>3mis			
R8185012	AGCUCCUCUUUAAUUUCCGGG	715	735	CCCGGAACCCTCAGAGCCCCG	>3mis			
R8185012	AGCUCCUCUUUAAUUUCCGGG	2634	2654	TGGCACTCTGAGAGAGGAGAG	>3mis			
R8185013	UUGUACAGGUCAAAGAGCGUC	1087	1107	GACGCTTTTTGACCTGTACAA	AS,15	15_G_1093_T		
R8185013	UUGUACAGGUCAAAGAGCGUC	3076	3096	TTAGCTCTTTGGCAATTCTCC	>3mis			
R8185013	UUGUACAGGUCAAAGAGCGUC	571	591	GCTCAACCTTGACCTAGACCT	>3mis			
R8185013	UUGUACAGGUCAAAGAGCGUC	2883	2903	TTGGAGCTTTGACAAGGAACG	>3mis			
R8185013	UUGUACAGGUCAAAGAGCGUC	3167	3187	TTCATTTGGTACCCTGTACCC	>3mis			
R8185014	UUUGUACAGGUCAAAGAGCGU	1088	1108	ACGCTTTTTGACCTGTACAAA	AS,16	16_G_1093_T		
R8185014	UUUGUACAGGUCAAAGAGCGU	3077	3097	TAGCTCTTTGGCAATTCTCCT	>3mis			
R8185014	UUUGUACAGGUCAAAGAGCGU	572	592	CTCAACCTTGACCTAGACCTT	>3mis			
R8185014	UUUGUACAGGUCAAAGAGCGU	2884	2904	TGGAGCTTTGACAAGGAACGT	>3mis			
R8185014	UUUGUACAGGUCAAAGAGCGU	3168	3188	TCATTTGGTACCCTGTACCCC	>3mis			
R8185015	AUUUGUACAGGUCAAAGAGCG	1089	1109	CGCTTTTTGACCTGTACAAAT	AS,17	17_G_1093_T		
R8185015	AUUUGUACAGGUCAAAGAGCG	3078	3098	AGCTCTTTGGCAATTCTCCTT	>3mis			
R8185015	AUUUGUACAGGUCAAAGAGCG	573	593	TCAACCTTGACCTAGACCTTG	>3mis			
R8185015	AUUUGUACAGGUCAAAGAGCG	2885	2905	GGAGCTTTGACAAGGAACGTT	>3mis			
R8185015	AUUUGUACAGGUCAAAGAGCG	3169	3189	CATTTGGTACCCTGTACCCCA	>3mis			
R8185016	AUGUCUGGUAGAAGCAGUCCG	1326	1346	CAGACTGCTTCTACCAGACAT	AS,20	20_C_1327_A		
R8185016	AUGUCUGGUAGAAGCAGUCCG	1920	1940	CCTACATCTTCTACCCTAAGC	>3mis			
R8185016	AUGUCUGGUAGAAGCAGUCCG	2031	2051	TGGGCTGCTTCTCCAAGTGCA	>3mis			
R8185016	AUGUCUGGUAGAAGCAGUCCG	2808	2828	GCCCCTGCTTCTGAACACTGC	>3mis			
R8185016	AUGUCUGGUAGAAGCAGUCCG	287	307	GAGAGGCGCTAAGCCAGACAG	>3mis			
R8185016	AUGUCUGGUAGAAGCAGUCCG	1878	1898	ACTCCTGCTTCCAGGAGAACA	>3mis			
R8185016	AUGUCUGGUAGAAGCAGUCCG	2821	2841	AACACTGCTTTCCACACAAGC	>3mis			
R8185016	AUGUCUGGUAGAAGCAGUCCG	2999	3019	CTCACTGCTTTCAAGGACACA	>3mis			
R8185017	UGAUGAGUAUGUCUGGUAGAA	1334	1354	TTCTACCAGACATACTCATCC	AS,1	1_U_1354_C		
R8185017	UGAUGAGUAUGUCUGGUAGAA	2352	2372	TCCTGGTCATCACACTCATCA	>3mis			
R8185017	UGAUGAGUAUGUCUGGUAGAA	295	315	CTAAGCCAGACAGGGTGCCTG	>3mis			
R8185017	UGAUGAGUAUGUCUGGUAGAA	1928	1948	TTCTACCCTAAGCCCAAGGGT	>3mis			
R8185017	UGAUGAGUAUGUCUGGUAGAA	3461	3481	CAGGTAGGCAGATACTCAATA	>3mis			
R8185018	AUGUAGUGGAAGCGGUACCAC	1375	1395	ATGGTACCGCTTCCATTACAT	AS,21,6	21_C_1375_A	6_G_1390_T	
R8185018	AUGUAGUGGAAGCGGUACCAC	1291	1311	GAAAATCGGCTTCCAACTGTG	>3mis			
R8185018	AUGUAGUGGAAGCGGUACCAC	1876	1896	TCACTCCTGCTTCCAGGAGAA	>3mis			
R8185018	AUGUAGUGGAAGCGGUACCAC	2689	2709	TCAGCACATCTTCCACAGCTG	>3mis			
R8185018	AUGUAGUGGAAGCGGUACCAC	3172	3192	TTGGTACCCTGTACCCCAGTG	>3mis			
R8185019	ACAGGAUGUUGAUGUAGUGGA	1386	1406	TCCATTACATCAACATTCTGT	AS,17,5	17_G_1390_T	5_G_1402_T	
R8185019	ACAGGAUGUUGAUGUAGUGGA	957	977	CCGTGAGTCTCAACATCAACC	>3mis			
R8185019	ACAGGAUGUUGAUGUAGUGGA	963	983	GTCTCAACATCAACCTCAATT	>3mis			
R8185019	ACAGGAUGUUGAUGUAGUGGA	2187	2207	TTGCTAAACTCAACATCTTCT	>3mis			
R8185019	ACAGGAUGUUGAUGUAGUGGA	1917	1937	GTGCCTACATCTTCTACCCTA	>3mis			
R8185019	ACAGGAUGUUGAUGUAGUGGA	2157	2177	ATTACACGATCAACAACAAAA	>3mis			
R8185019	ACAGGAUGUUGAUGUAGUGGA	2483	2503	CACCCTACATCCCCGCCACCT	>3mis			
R8185019	ACAGGAUGUUGAUGUAGUGGA	3123	3143	AGAGTAAGCCTGACATCCTCC	>3mis			
R8185019	ACAGGAUGUUGAUGUAGUGGA	3279	3299	AACTCGTTCACCCTATCCTGT	>3mis			
R8185020	UAAUUCGCCUGGUUGCAGGAG	1486	1506	CCCCTGCAATCAGGCGAATTA	AS,20,12	20_A_1487_C	12_G_1495_T	
R8185020	UAAUUCGCCUGGUUGCAGGAG	50	70	CTCCTGCAACCCACGGTCCCC	>3mis			
R8185020	UAAUUCGCCUGGUUGCAGGAG	1879	1899	CTCCTGCTTCCAGGAGAACAT	>3mis			
R8185020	UAAUUCGCCUGGUUGCAGGAG	1306	1326	ACTGTGCAACCAGAACAAATC	>3mis			
R8185020	UAAUUCGCCUGGUUGCAGGAG	1471	1491	TCGTTTCAACCAGGCCCCCTG	>3mis			
R8185020	UAAUUCGCCUGGUUGCAGGAG	802	822	CTTCTGCAACAATACCACCAT	>3mis			
R8185021	AGUGAGAGUAAUUCGCCUGGU	1494	1514	ATCAGGCGAATTATTCTCAGT	AS,20,8,2	20_G_1495_T	8_G_1507_T	2_G_1513_G
R8185021	AGUGAGAGUAAUUCGCCUGGU	1479	1499	ACCAGGCCCCCTGCAATCAGG	>3mis			
R8185021	AGUGAGAGUAAUUCGCCUGGU	2647	2667	GAGGAGAGTGCTCCTCTCACC	>3mis			
R8185022	AGUAUAGCAGUUUCCAUACAU	1526	1546	ATGTATGGGAACTGCTACACT	AS,13,4	13_U_1534_G	4_A_1543_C	
R8185022	AGUAUAGCAGUUUCCAUACAU	1979	1999	TCCTGGGGCTACTGCTACTAT	>3mis			
R8185022	AGUAUAGCAGUUUCCAUACAU	1992	2012	GCTACTATAAACTGCAGGCTG	>3mis			
R8185023	UGAAAGUAUAGCAGUUUCCAU	1530	1550	ATGGGAACTGCTACACTTTCA	AS,17,8	17_U_1534_G	8_A_1543_C	
R8185023	UGAAAGUAUAGCAGUUUCCAU	1983	2003	GGGGCTACTGCTACTATAAAC	>3mis			
R8185023	UGAAAGUAUAGCAGUUUCCAU	1996	2016	CTATAAACTGCAGGCTGCCTT	>3mis			
R8185024	UUGAAAGUAUAGCAGUUUCCA	1531	1551	TGGGAACTGCTACACTTTCAA	AS,18,9	18_U_1534_G	9_A_1543_C	
R8185024	UUGAAAGUAUAGCAGUUUCCA	1984	2004	GGGCTACTGCTACTATAAACT	>3mis			
R8185024	UUGAAAGUAUAGCAGUUUCCA	1997	2017	TATAAACTGCAGGCTGCCTTC	>3mis			
R8185024	UUGAAAGUAUAGCAGUUUCCA	2992	3012	GCCTGGCCTCACTGCTTTCAA	>3mis			
R8185025	UUGUCAUUGAAAGUAUAGCAG	1537	1557	CTGCTACACTTTCAACAACAA	AS,15,6,5	15_A_1543_C	6_A_1552_C	5_C_1553_A
R8185025	UUGUCAUUGAAAGUAUAGCAG	2998	3018	CCTCACTGCTTTCAAGGACAC	>3mis			
R8185026	UUGUUCUUGUCAUUGAAAGUA	1543	1563	CACTTTCAACAACAAGAACAA	AS,21,12,11	21_A_1543_C	12_A_1552_C	11_C_1553_A
R8185026	UUGUUCUUGUCAUUGAAAGUA	3004	3024	TGCTTTCAAGGACACAGATGT	>3mis			
R8185026	UUGUUCUUGUCAUUGAAAGUA	686	706	GGGGACAAGCGTGAAGAACAG	>3mis			
R8185026	UUGUUCUUGUCAUUGAAAGUA	1303	1323	CCAACTGTGCAACCAGAACAA	>3mis			
R8185026	UUGUUCUUGUCAUUGAAAGUA	1822	1842	TGATGTCCCTGTCAAGAACCT	>3mis			
R8185026	UUGUUCUUGUCAUUGAAAGUA	2883	2903	TTGGAGCTTTGACAAGGAACG	>3mis			
R8185027	AUGAAGUCAUUCUGCUCUGCG	1624	1644	CACAGAGCAGAATGACTTCAT	AS,20	20_C_1625_A		
R8185027	AUGAAGUCAUUCUGCUCUGCG	1971	1991	AGCAGAGCTCCTGGGGCTACT	>3mis			
R8185027	AUGAAGUCAUUCUGCUCUGCG	2143	2163	ATCCTTGCAGAATAATTACAC	>3mis			
R8185028	UGCCCGUGCACCAUUACCCGG	1672	1692	CAGGGTGATGGTGCACGGTCA	AS,20,15,3	20_G_1673_A	15_U_1678_G	3_C_1690_T
R8185028	UGCCCGUGCACCAUUACCCGG	2828	2848	CTTTCCACACAAGCACGGGCA	>3mis			
R8185029	CUUUGAAGGGUAAAGGUUCUC	1835	1855	AAGAACCTTTACCCCTCCAAG	AS,21,7,4	21_C_1835_A	7_A_1849_C	4_U_1852_C
R8185029	CUUUGAAGGGUAAAGGUUCUC	2849	2869	AGTCCCCTTTACCCTTGGATC	>3mis			
R8185029	CUUUGAAGGGUAAAGGUUCUC	2193	2213	AACTCAACATCTTCTTCAAAG	>3mis			
R8185029	CUUUGAAGGGUAAAGGUUCUC	1456	1476	CTTCATCTTTACCTGTCGTTT	>3mis			
R8185030	UACUUUGAAGGGUAAAGGUUC	1837	1857	GAACCTTTACCCCTCCAAGTA	AS,9,6	9_A_1849_C	6_U_1852_C	
R8185030	UACUUUGAAGGGUAAAGGUUC	2851	2871	TCCCCTTTACCCTTGGATCAG	>3mis			
R8185030	UACUUUGAAGGGUAAAGGUUC	2195	2215	CTCAACATCTTCTTCAAAGAG	>3mis			
R8185030	UACUUUGAAGGGUAAAGGUUC	1458	1478	TCATCTTTACCTGTCGTTTCA	>3mis			
R8185031	UGUACUUUGAAGGGUAAAGGU	1839	1859	ACCTTTACCCCTCCAAGTACA	AS,11,8	11_A_1849_C	8_U_1852_C	
R8185031	UGUACUUUGAAGGGUAAAGGU	2853	2873	CCCTTTACCCTTGGATCAGCC	>3mis			
R8185031	UGUACUUUGAAGGGUAAAGGU	2197	2217	CAACATCTTCTTCAAAGAGCT	>3mis			
R8185031	UGUACUUUGAAGGGUAAAGGU	1460	1480	ATCTTTACCTGTCGTTTCAAC	>3mis			
R8185032	UAGAAGAUGUAGGCACAGCCA	1912	1932	TGGCTGTGCCTACATCTTCTA	All-match			
R8185032	UAGAAGAUGUAGGCACAGCCA	2598	2618	CGGCTGTGCCTGGCTCTTCTG	>3mis			
R8185032	UAGAAGAUGUAGGCACAGCCA	2188	2208	TGCTAAACTCAACATCTTCTT	>3mis			
R8185032	UAGAAGAUGUAGGCACAGCCA	2478	2498	GTCCCCACCCTACATCCCCGC	>3mis			
R8185032	UAGAAGAUGUAGGCACAGCCA	2683	2703	GTCACTTCAGCACATCTTCCA	>3mis			
R8185032	UAGAAGAUGUAGGCACAGCCA	2329	2349	AATGGCGGAGCTCATCTTCGA	>3mis			
R8185032	UAGAAGAUGUAGGCACAGCCA	3211	3231	CTTGTGTGCCTTCTGAGCTGT	>3mis			
R8185033	UCCAUUUCUCUUGUUGUUGAC	2165	2185	ATCAACAACAAAAGAAACGGA	AS,21,10,4	21_C_2165_A	10_C_2176_A	4_A_2182_C
R8185033	UCCAUUUCUCUUGUUGUUGAC	1547	1567	TTCAACAACAAGAACAACTCC	>3mis			
R8185033	UCCAUUUCUCUUGUUGUUGAC	1595	1615	GTCAACAATGGTTTGTCCCTG	>3mis			
R8185033	UCCAUUUCUCUUGUUGUUGAC	197	217	GGAGACCCAAAGAGAAGCGGG	>3mis			
R8185033	UCCAUUUCUCUUGUUGUUGAC	1256	1276	CGCGACAACAATCCCCAAGTG	>3mis			
R8185033	UCCAUUUCUCUUGUUGUUGAC	2314	2334	GCTGTCCGTGGTGGAAATGGC	>3mis			
R8185034	UUUGGCCACUCCAUUUCUCUU	2944	2964	AGGCACAGAGAAGTGGCCACA	>3mis			
R8185034	UUUGGCCACUCCAUUUCUCUU	206	226	AAGAGAAGCGGGAGTCAGCTG	>3mis			
R8185034	UUUGGCCACUCCAUUUCUCUU	370	390	CCACTTCGCTCTGTGGCCACT	>3mis			
R8185034	UUUGGCCACUCCAUUUCUCUU	2323	2343	GGTGGAAATGGCGGAGCTCAT	>3mis			
R8185035	AAGAAGAUGUUGACUUUGGCC	2188	2208	TGCTAAACTCAACATCTTCTT	AS,21,18,14	21_C_2188_T	18_G_2191_T	14_C_2195_C
R8185035	AAGAAGAUGUUGACUUUGGCC	1912	1932	TGGCTGTGCCTACATCTTCTA	>3mis			
R8185035	AAGAAGAUGUUGACUUUGGCC	958	978	CGTGAGTCTCAACATCAACCT	>3mis			
R8185035	AAGAAGAUGUUGACUUUGGCC	1588	1608	GCCTGGAGTCAACAATGGTTT	>3mis			
R8185035	AAGAAGAUGUUGACUUUGGCC	2683	2703	GTCACTTCAGCACATCTTCCA	>3mis			
R8185035	AAGAAGAUGUUGACUUUGGCC	1387	1407	CCATTACATCAACATTCTGTC	>3mis			
R8185035	AAGAAGAUGUUGACUUUGGCC	2329	2349	AATGGCGGAGCTCATCTTCGA	>3mis			
R8185036	AAUUGGUUUUGUAGUUCAGCU	2214	2234	AGCTGAACTATAAAACTAATT	AS,11,5	11_G_2224_T	5_G_2230_T	
R8185036	AAUUGGUUUUGUAGUUCAGCU	2067	2087	TGACCAACTACAAGCTCTCTG	>3mis			
R8185036	AAUUGGUUUUGUAGUUCAGCU	3387	3407	GACTGAACTGTGCTCAGGGAT	>3mis			
R8185037	AGAAUUGGUUUUGUAGUUCAG	2216	2236	CTGAACTATAAAACTAATTCG	AS,13,7,1	13_G_2224_T	7_G_2230_T	1_A_2236_G
R8185037	AGAAUUGGUUUUGUAGUUCAG	2069	2089	ACCAACTACAAGCTCTCTGCT	>3mis			
R8185037	AGAAUUGGUUUUGUAGUUCAG	3074	3094	TGTTAGCTCTTTGGCAATTCT	>3mis			
R8185037	AGAAUUGGUUUUGUAGUUCAG	3389	3409	CTGAACTGTGCTCAGGGATGA	>3mis			
R8185038	CUCAGAAUUGGUUUUGUAGUU	2072	2092	AACTACAAGCTCTCTGCTGGC	>3mis			
R8185038	CUCAGAAUUGGUUUUGUAGUU	3077	3097	TAGCTCTTTGGCAATTCTCCT	>3mis			
R8185038	CUCAGAAUUGGUUUUGUAGUU	3207	3227	CCTTCTTGTGTGCCTTCTGAG	>3mis			
R8185039	AUCGGCUUCGGAACCUUCGGA	2379	2399	TGCACAGGTTCCGGAGCCGGT	>3mis			
R8185039	AUCGGCUUCGGAACCUUCGGA	347	367	AACGAAGGTGGCCTTCGCTGT	>3mis			
R8185039	AUCGGCUUCGGAACCUUCGGA	607	627	ACCGAAGGGATCCATGAAGGG	>3mis			
R8185039	AUCGGCUUCGGAACCUUCGGA	2041	2061	CTCCAAGTGCAGGAAGCCGTG	>3mis			
R8185040	UAUCGGCUUCGGAACCUUCGG	2380	2400	GCACAGGTTCCGGAGCCGGTA	>3mis			
R8185040	UAUCGGCUUCGGAACCUUCGG	348	368	ACGAAGGTGGCCTTCGCTGTG	>3mis			
R8185040	UAUCGGCUUCGGAACCUUCGG	608	628	CCGAAGGGATCCATGAAGGGC	>3mis			
R8185040	UAUCGGCUUCGGAACCUUCGG	2042	2062	TCCAAGTGCAGGAAGCCGTGC	>3mis			
R8185041	UUCAGAGGCAGUACCAAGGGG	2570	2590	CTAGGCCCCTCTGCCTCTCCA	>3mis			
R8185041	UUCAGAGGCAGUACCAAGGGG	3180	3200	CTGTACCCCAGTGCCTCTGCG	>3mis			
R8185041	UUCAGAGGCAGUACCAAGGGG	518	538	CGGCCCCATTCTGCCTCCATA	>3mis			
R8185041	UUCAGAGGCAGUACCAAGGGG	2391	2411	GGAGCCGGTACTGGTCTCCAG	>3mis			
R8185041	UUCAGAGGCAGUACCAAGGGG	2859	2879	ACCCTTGGATCAGCCAAGCCA	>3mis			
R8185041	UUCAGAGGCAGUACCAAGGGG	3069	3089	CCCCTTGTTAGCTCTTTGGCA	>3mis			
R8185041	UUCAGAGGCAGUACCAAGGGG	3168	3188	TCATTTGGTACCCTGTACCCC	>3mis			
R8185042	UCCUUGUCAAAGCUCCAAGUU	2880	2900	GACTTGGAGCTTTGACAAGGA	AS,21	21_U_2880_G		
R8185042	UCCUUGUCAAAGCUCCAAGUU	3402	3422	AGGGATGAGCTTTGCTCATTT	>3mis			
R8185042	UCCUUGUCAAAGCUCCAAGUU	3040	3060	AACTTGGGTGGGGAACCCCAC	>3mis			
R8185042	UCCUUGUCAAAGCUCCAAGUU	3452	3472	CACTTGGACCAGGTAGGCAGA	>3mis			
R8185043	UAAUGGUGUCUGAGCAGGGUU	2787	2807	TGAGCTGCTCAGAGCTGCCCT	>3mis			
R8185043	UAAUGGUGUCUGAGCAGGGUU	3248	3268	CTCCCTGCTCAAAGGCACCTT	>3mis			
R8185043	UAAUGGUGUCUGAGCAGGGUU	1424	1444	TCGCCTGCTCTAGAGGAAGAA	>3mis			
R8185043	UAAUGGUGUCUGAGCAGGGUU	1645	1665	CCCCCTGCTGTCCACAGTGAC	>3mis			
R8185043	UAAUGGUGUCUGAGCAGGGUU	2808	2828	GCCCCTGCTTCTGAACACTGC	>3mis			
R8185043	UAAUGGUGUCUGAGCAGGGUU	3392	3412	AACTGTGCTCAGGGATGAGCT	>3mis			
R8185044	AUGUUAUAGUGUGCUACGGGA	1984	2004	GGGCTACTGCTACTATAAACT	>3mis			
R8185044	AUGUUAUAGUGUGCUACGGGA	2209	2229	CAAAGAGCTGAACTATAAAAC	>3mis			
R8185045	AGCAGAUGUUAUAGUGUGCUA	1989	2009	ACTGCTACTATAAACTGCAGG	>3mis			
R8185045	AGCAGAUGUUAUAGUGUGCUA	2187	2207	TTGCTAAACTCAACATCTTCT	>3mis			
R8185045	AGCAGAUGUUAUAGUGUGCUA	2214	2234	AGCTGAACTATAAAACTAATT	>3mis			
R8185046	UGGUGCAACAGCAACACUCCA	922	942	GTTTGCTTTGCTGTTCGAGGA	>3mis			
R8185047	UAUGGUGCAACAGCAACACUC	924	944	TTGCTTTGCTGTTCGAGGAAT	>3mis			
R8185048	UGCAACAAACAUUUAUUGAGC	3474	3494	ACTCAATAAATGCTTGTTCCA	AS,21,9,3	21_C_3474_A	9_A_3486_C	3_C_3492_C
